MULakeNumber,Lake name,Date,Time,Parameter,SecchiDepth_m,Comments
117,Little Dixie,4/28/2023,8:57:00 AM,Secchi ,0.87,
117,Little Dixie,4/28/2023,8:57:00 AM,Secchi ,0.8,
440,Crow Pond ,5/12/2023,12:43:00 PM,Secchi ,0.89,
440,Crow Pond ,5/12/2023,12:43:00 PM,Secchi ,0.78,
219,Daisy Lake 1,5/17/2023,11:44:00 AM,Secchi,1.6,
219,Daisy Lake 1,5/17/2023,11:44:00 AM,Secchi ,1.71,
44,Fayette ,5/17/2023,2:05:00 PM,Secchi,1.33,
44,Fayette ,5/17/2023,2:05:00 PM,Secchi ,1.2,
48,Long Branch ,5/17/2023,11:29:00 AM,Secchi,1,
48,Long Branch ,5/17/2023,11:29:00 AM,Secchi ,0.92,
49,Macon Lake ,5/17/2023,10:13:00 AM,Secchi ,0.83,
49,Macon Lake ,5/17/2023,10:13:00 AM,Secchi ,0.76,
274,Alpine,5/18/2023,10:26:00 AM,Secchi,5.15,
274,Alpine,5/18/2023,10:26:00 AM,Secchi ,4.3,
276,Ashland,5/18/2023,1:27:00 PM,Secchi,0.32,
276,Ashland,5/18/2023,1:27:00 PM,Secchi ,0.24,
438,Bethel,5/18/2023,10:46:00 AM,Secchi,1.7,
438,Bethel ,5/18/2023,10:46:00 AM,Secchi ,1.5,
180,Bilby Ranch,5/22/2023,4:58:00 PM,Secchi,0.93,Time not written of field sheet. Time taken from YSI profile.
180,Bilby Ranch,5/22/2023,4:58:00 PM,Secchi ,0.81,Time not written of field sheet. Time taken from YSI profile.
140,Cameron 1,5/22/2023,12:15:00 PM,Secchi,0.9,
140,Cameron 1,5/22/2023,12:15:00 PM,Secchi ,0.78,
211,Cameron 2 Sunrise,5/22/2023,11:15:00 AM,Secchi,2.1,
211,Cameron 2 Sunrise,5/22/2023,11:15:00 AM,Secchi ,0.92,
213,Cameron 3,5/22/2023,1:02:00 PM,Secchi,0.81,
213,Cameron 3,5/22/2023,1:02:00 PM,Secchi ,0.68,
163,King,5/22/2023,2:20:00 PM,Secchi,0.45,
163,King,5/22/2023,2:20:00 PM,Secchi ,0.35,
88,Marceline,5/22/2023,12:31:00 PM,Secchi,1.5,
88,Marceline,5/22/2023,12:31:00 PM,Secchi ,1.16,
145,Mark Twain ,5/22/2023,4:00:00 PM,Secchi,1,
145,Mark Twain ,5/22/2023,4:00:00 PM,Secchi ,0.87,
46,Thomas Hill,5/22/2023,11:20:00 AM,Secchi,1.1,
46,Thomas Hill,5/22/2023,11:20:00 AM,Secchi ,1,
133,Forest,5/23/2023,5:23:00 PM,Secchi,1.66,
133,Forest,5/23/2023,5:23:00 PM,Secchi ,1.41,
185,Harrison County ,5/23/2023,10:45:00 AM,Secchi,0.71,
185,Harrison County ,5/23/2023,10:45:00 AM,Secchi ,0.5,
228,Jamesport,5/23/2023,2:58:00 PM,Secchi,0.57,Time not written of field sheet. Time taken from YSI profile.
228,Jamesport,5/23/2023,2:58:00 PM,Secchi ,0.46,Time not written of field sheet. Time taken from YSI profile.
85,Marie ,5/23/2023,12:43:00 PM,Secchi,3.1,
85,Marie ,5/23/2023,12:43:00 PM,Secchi ,3.05,
181,Mozingo,5/23/2023,9:30:00 AM,Secchi,1.4,
181,Mozingo,5/23/2023,9:30:00 AM,Secchi ,1.2,
179,Nodaway County ,5/23/2023,7:15:00 AM,Secchi,1.17,
179,Nodaway County ,5/23/2023,7:15:00 AM,Secchi ,1.1,
72,Smithville ,5/23/2023,1:36:00 PM,Secchi,1.5,
72,Smithville ,5/23/2023,1:36:00 PM,Secchi ,1.35,
57,Deer Ridge,5/24/2023,10:45:00 AM,Secchi,1.6,
57,Deer Ridge,5/24/2023,10:45:00 AM,Secchi ,1.3,
182,Fox Valley,5/24/2023,8:50:00 AM,Secchi,3.58,
182,Fox Valley,5/24/2023,8:50:00 AM,Secchi ,3.05,
114,Henry Sever,5/24/2023,12:03:00 PM,Secchi,0.98,
114,Henry Sever,5/24/2023,12:03:00 PM,Secchi ,0.8,
115,Hunnewell,5/24/2023,2:25:00 PM,Secchi,2,
115,Hunnewell,5/24/2023,2:25:00 PM,Secchi ,1.95,
123,Shelbyville ,5/24/2023,1:13:00 PM,Secchi,0.3,
123,Shelbyville ,5/24/2023,1:13:00 PM,Secchi ,0.3,
89,Truman,5/24/2023,10:52:00 AM,Secchi,2.1,
89,Truman,5/24/2023,10:52:00 AM,Secchi ,2,
11,Peaceful Valley,5/25/2023,10:42:00 AM,Secchi,1.5,
11,Peaceful Valley,5/25/2023,10:42:00 AM,Secchi ,1.4,
117,Little Dixie,5/26/2023,10:27:00 AM,Secchi,0.85,
117,Little Dixie,5/26/2023,10:27:00 AM,Secchi ,0.85,
96,Fellows,5/30/2023,3:23:00 PM,Secchi,3.7,
96,Fellows,5/30/2023,3:23:00 PM,Secchi ,3.49,
184,Manito,5/30/2023,10:02:00 AM,Secchi,1.92,
184,Manito,5/30/2023,10:02:00 AM,Secchi ,1.75,
92,Pomme de Terre,5/30/2023,1:00:00 PM,Secchi,1.48,
92,Pomme de Terre,5/30/2023,1:00:00 PM,Secchi ,1.35,
93,Stockton,5/30/2023,5:37:00 PM,Secchi,5.22,
93,Stockton,5/30/2023,5:37:00 PM,Secchi ,4.97,
98,Table Rock,5/30/2023,12:21:00 PM,Secchi,1.7,
98,Table Rock,5/30/2023,12:21:00 PM,Secchi ,1.6,
91,Atkinson,5/31/2023,8:33:00 AM,Secchi,1.1,
91,Atkinson,5/31/2023,8:33:00 AM,Secchi ,1,
169,Gopher,5/31/2023,2:24:00 PM,Secchi,0.45,
169,Gopher,5/31/2023,2:24:00 PM,Secchi ,0.37,
183,Hazel Hill,5/31/2023,3:54:00 PM,Secchi,1.45,
183,Hazel Hill,5/31/2023,3:54:00 PM,Secchi ,1.3,
165,Jackrabbit,5/31/2023,1:35:00 PM,Secchi,0.45,
165,Jackrabbit,5/31/2023,1:35:00 PM,Secchi ,0.35,
70,North,5/31/2023,10:36:00 AM,Secchi,0.75,Time not written of field sheet. Time taken from YSI profile.
70,North,5/31/2023,10:36:00 AM,Secchi ,0.7,Time not written of field sheet. Time taken from YSI profile.
120,Winnebago,5/31/2023,12:15:00 PM,Secchi,1.45,
120,Winnebago,5/31/2023,12:15:00 PM,Secchi ,1.3,
150,Blind Pony,6/1/2023,7:30:00 AM,Secchi,2.2,
150,Blind Pony,6/1/2023,7:30:00 AM,Secchi ,2.1,
87,Brookfield,6/1/2023,3:31:00 PM,Secchi,1.77,
87,Brookfield,6/1/2023,3:31:00 PM,Secchi ,1.66,
121,Higginsville,6/1/2023,9:13:00 AM,Secchi,0.89,
121,Higginsville,6/1/2023,9:13:00 AM,Secchi ,0.72,
45,Nehai Tonkayea ,6/1/2023,5:00:00 PM,Secchi,2.4,
45,Nehai Tonkayea ,6/1/2023,5:00:00 PM,Secchi ,2.19,
74,Watkins Mill,6/1/2023,11:18:00 AM,Secchi,1.53,
74,Watkins Mill,6/1/2023,11:18:00 AM,Secchi ,1.38,
455,West Arrowhead,6/1/2023,1:05:00 PM,Secchi,0.62,
455,West Arrowhead,6/1/2023,1:05:00 PM,Secchi ,0.53,
440,Crow Pond ,6/2/2023,10:29:00 AM,Secchi,1.1,
440,Crow Pond ,6/2/2023,10:29:00 AM,Secchi ,1.05,
3,Bowling Green ,6/5/2023,10:42:00 AM,Secchi,1.45,
3,Bowling Green ,6/5/2023,10:42:00 AM,Secchi ,1.3,
454,Cedar Hill Lake 1,6/5/2023,3:45:00 PM,Secchi,1.16,
454,Cedar Hill Lake 1,6/5/2023,3:45:00 PM,Secchi ,1,
149,Lake of the Ozarks ,6/5/2023,12:36:00 PM,Secchi,2.2,
149,Lake of the Ozarks ,6/5/2023,12:36:00 PM,Secchi ,2.1,
5,Lincoln,6/5/2023,12:26:00 PM,Secchi,2.3,
5,Lincoln,6/5/2023,12:26:00 PM,Secchi ,2.2,
197,Prarie,6/5/2023,2:06:00 PM,Secchi,0.96,
197,Prarie,6/5/2023,2:06:00 PM,Secchi ,0.83,
14,Tishomingo,6/5/2023,5:10:00 PM,Secchi,3.5,
14,Tishomingo,6/5/2023,5:10:00 PM,Secchi ,3.3,
18,Capri,6/6/2023,10:30:00 AM,Secchi,4.04,
18,Capri,6/6/2023,10:30:00 AM,Secchi ,3.97,
186,Carl DiSalvo ,6/6/2023,12:52:00 PM,Secchi,0.4,
186,Carl DiSalvo ,6/6/2023,12:52:00 PM,Secchi ,0.35,
36,Clearwater,6/6/2023,3:16:00 PM,Secchi,1.2,
36,Clearwater,6/6/2023,3:16:00 PM,Secchi ,1.17,
21,Goose Creek ,6/6/2023,8:12:00 AM,Secchi,4.3,
21,Goose Creek ,6/6/2023,8:12:00 AM,Secchi ,4.22,
112,Shayne,6/6/2023,11:25:00 AM,Secchi,4.75,
112,Shayne,6/6/2023,11:25:00 AM,Secchi ,4.6,
30,Wappapello,6/6/2023,5:50:00 PM,Secchi,0.9,
30,Wappapello,6/6/2023,5:50:00 PM,Secchi ,0.75,
39,Council Bluff,6/7/2023,2:11:00 PM,Secchi,4.1,
39,Council Bluff,6/7/2023,2:11:00 PM,Secchi ,3.9,
33,Fourche Lake,6/7/2023,8:36:00 AM,Secchi,3.9,
33,Fourche Lake,6/7/2023,8:36:00 AM,Secchi ,3.7,
110,Little Prarie ,6/7/2023,5:09:00 PM,Secchi,1,
110,Little Prarie ,6/7/2023,5:09:00 PM,Secchi ,1.09,
32,Ripley,6/7/2023,9:45:00 AM,Secchi,1.68,
32,Ripley,6/7/2023,9:45:00 AM,Secchi ,1.6,
274,Alpine,6/12/2023,3:25:00 PM,Secchi,3.63,
274,Alpine,6/12/2023,3:25:00 PM,Secchi ,3.5,
276,Ashland,6/12/2023,9:47:00 AM,Secchi,0.55,
276,Ashland,6/12/2023,9:47:00 AM,Secchi ,0.45,
11,Peaceful ,6/12/2023,12:31:00 PM,Secchi,1.4,
11,Peaceful ,6/12/2023,12:31:00 PM,Secchi ,1.3,
46,Thomas Hill,6/12/2023,9:55:00 AM,Secchi,0.7,
46,Thomas Hill,6/12/2023,9:55:00 AM,Secchi ,0.6,
438,Bethel ,6/13/2023,12:30:00 PM,Secchi,1,
438,Bethel ,6/13/2023,12:30:00 PM,Secchi ,0.9,
180,Bilby Ranch ,6/13/2023,4:50:00 PM,Secchi,0.84,
180,Bilby Ranch ,6/13/2023,4:50:00 PM,Secchi ,0.75,
140,Cameron 1,6/13/2023,12:45:00 PM,Secchi,0.65,
140,Cameron 1,6/13/2023,12:45:00 PM,Secchi ,0.52,
211,Cameron 2 Sunrise,6/13/2023,11:10:00 AM,Secchi,1.35,
211,Cameron 2 Sunrise,6/13/2023,11:10:00 AM,Secchi ,1.25,
213,Cameron 3,6/13/2023,12:05:00 PM,Secchi,0.7,
213,Cameron 3,6/13/2023,12:05:00 PM,Secchi ,0.6,
219,Dairy Farm ,6/13/2023,9:30:00 AM,Secchi,0.95,
219,Dairy Farm ,6/13/2023,9:30:00 AM,Secchi ,0.94,
163,King,6/13/2023,1:57:00 PM,Secchi,0.3,
163,King,6/13/2023,1:57:00 PM,Secchi ,0.2,
133,Forest ,6/14/2023,4:41:00 PM,Secchi,1.18,
133,Forest ,6/14/2023,4:41:00 PM,Secchi ,1.1,
185,Harrison County ,6/14/2023,10:23:00 AM,Secchi,0.58,
185,Harrison County ,6/14/2023,10:23:00 AM,Secchi ,0.5,
228,Jamesport,6/14/2023,2:10:00 PM,Secchi,0.35,
228,Jamesport,6/14/2023,2:10:00 PM,Secchi ,0.25,
85,Marie,6/14/2023,12:10:00 PM,Secchi,4,
85,Marie,6/14/2023,12:10:00 PM,Secchi ,3.7,
181,Mozingo,6/14/2023,8:12:00 AM,Secchi,1.3,
181,Mozingo,6/14/2023,8:12:00 AM,Secchi ,1.21,
179,Nodoway County,6/14/2023,7:00:00 AM,Secchi,1.3,
179,Nodoway County,6/14/2023,7:00:00 AM,Secchi ,1.2,
89,Truman,6/14/2023,10:40:00 AM,Secchi,1.6,
89,Truman,6/14/2023,10:40:00 AM,Secchi ,1.5,
411,Cedar Lake,6/15/2023,9:20:00 AM,Secchi,0.7,
411,Cedar Lake,6/15/2023,9:20:00 AM,Secchi ,0.65,
57,Deer Ridge ,6/15/2023,10:17:00 AM,Secchi,1.2,
57,Deer Ridge ,6/15/2023,10:17:00 AM,Secchi ,1.05,
182,Fox Valley,6/15/2023,8:25:00 AM,Secchi,3.28,
182,Fox Valley,6/15/2023,8:25:00 AM,Secchi ,3.05,
114,Henry sever ,6/15/2023,11:33:00 AM,Secchi,0.9,
114,Henry sever ,6/15/2023,11:33:00 AM,Secchi ,0.8,
115,Hunnewell,6/15/2023,1:40:00 PM,Secchi,1.8,
115,Hunnewell,6/15/2023,1:40:00 PM,Secchi ,1.7,
48,Long Branch ,6/15/2023,4:45:00 PM,Secchi,1,
48,Long Branch ,6/15/2023,4:45:00 PM,Secchi ,0.87,
49,Macon,6/15/2023,3:40:00 PM,Secchi,0.78,
49,Macon,6/15/2023,3:40:00 PM,Secchi ,0.67,
123,Shelbyville,6/15/2023,12:47:00 PM,Secchi,0.3,
123,Shelbyville,6/15/2023,12:47:00 PM,Secchi ,0.25,
96,Fellows,6/20/2023,3:08:00 PM,Secchi,2.94,
96,Fellows,6/20/2023,3:08:00 PM,Secchi ,2.73,
184,Manito,6/20/2023,9:58:00 AM,Secchi,0.8,
184,Manito,6/20/2023,9:58:00 AM,Secchi ,0.7,
88,Marceline ,6/20/2023,1:40:00 PM,Secchi,1.4,
88,Marceline ,6/20/2023,1:40:00 PM,Secchi ,1.35,
44,Peters Lake (Fayette),6/20/2023,11:15:00 AM,Secchi,1,
44,Peters Lake (Fayette),6/20/2023,11:15:00 AM,Secchi ,0.93,
92,Pomme De Terre,6/20/2023,12:48:00 PM,Secchi,1.08,
92,Pomme De Terre,6/20/2023,12:48:00 PM,Secchi ,1.1,
93,Stockton ,6/20/2023,12:30:00 PM,Secchi,2.8,
93,Stockton ,6/20/2023,12:30:00 PM,Secchi ,2.7,
91,Atkinson,6/21/2023,7:20:00 AM,Secchi,0.54,
91,Atkinson,6/21/2023,7:20:00 AM,Secchi ,0.45,
169,Gopher,6/21/2023,1:13:00 PM,Secchi,0.47,
169,Gopher ,6/21/2023,1:13:00 PM,Secchi ,0.41,
183,Hazel Hill,6/21/2023,2:55:00 PM,Secchi,0.85,
183,Hazel Hill,6/21/2023,2:55:00 PM,Secchi ,0.73,
165,Jackrabbit,6/21/2023,12:31:00 PM,Secchi,0.48,
165,Jackrabbit ,6/21/2023,12:31:00 PM,Secchi ,0.42,
70,North ,6/21/2023,9:30:00 AM,Secchi,0.5,
70,North ,6/21/2023,9:30:00 AM,Secchi ,0.45,
120,Winnebago ,6/21/2023,11:00:00 AM,Secchi,1.3,
120,Winnebago ,6/21/2023,11:00:00 AM,Secchi ,1.1,
150,Blind Pony ,6/22/2023,7:38:00 AM,Secchi,0.8,
150,Blind Pony ,6/22/2023,7:38:00 AM,Secchi ,0.73,
87,Brookfield,6/22/2023,3:12:00 PM,Secchi,1.36,
87,Brookfield,6/22/2023,3:12:00 PM,Secchi ,1.2,
121,Higginsville,6/22/2023,9:21:00 AM,Secchi,0.6,
121,Higginsville,6/22/2023,9:21:00 AM,Secchi ,0.53,
45,Nehai Tonkayea,6/22/2023,4:33:00 PM,Secchi,2.74,
45,Nehai Tonkayea,6/22/2023,4:33:00 PM,Secchi ,2.56,
72,Smithville,6/22/2023,12:00:00 PM,Secchi,1.8,
72,Smithville,6/22/2023,12:00:00 PM,Secchi ,1.7,
74,Watkins Mill,6/22/2023,11:15:00 AM,Secchi,1.13,
74,Watkins Mill,6/22/2023,11:15:00 AM,Secchi ,1.05,
455,West Arrowhead,6/22/2023,12:30:00 PM,Secchi,0.8,
455,West arrowhead,6/22/2023,12:30:00 PM,Secchi ,0.74,
98,Table Rock,6/23/2023,12:30:00 PM,Secchi,2.8,
98,Table Rock,6/23/2023,12:30:00 PM,Secchi ,2.7,
3,Bowling Green ,6/26/2023,10:30:00 AM,Secchi,1.6,
3,Bowling Green ,6/26/2023,10:30:00 AM,Secchi ,1.8,
454,Cedar Hill Lakes 1,6/26/2023,3:22:00 PM,Secchi,0.9,
454,Cedar Hill Lakes 1,6/26/2023,3:22:00 PM,Secchi ,0.85,
5,Lincoln,6/26/2023,11:55:00 AM,Secchi,2.6,
5,Lincoln,6/26/2023,11:55:00 AM,Secchi ,2.8,
145,Mark Twain ,6/26/2023,10:00:00 AM,Secchi,1.8,
145,Mark Twain ,6/26/2023,10:00:00 AM,Secchi ,1.7,
197,Prarie,6/26/2023,1:24:00 PM,Secchi,1.2,
197,Prarie,6/26/2023,1:24:00 PM,Secchi ,1.3,
14,Tishomingo,6/26/2023,4:42:00 PM,Secchi,3.01,
14,Tishomingo,6/26/2023,4:42:00 PM,Secchi ,3,
18,Capri,6/27/2023,9:45:00 AM,Secchi,4.5,
18,Capri,6/27/2023,9:45:00 AM,Secchi ,4.2,
186,Carl Disalvo,6/27/2023,12:08:00 PM,Secchi,0.5,
186,Carl Disalvo,6/27/2023,12:08:00 PM,Secchi ,0.4,
36,Clearwater,6/27/2023,2:55:00 PM,Secchi,1.6,
36,Clearwater,6/27/2023,2:55:00 PM,Secchi ,1.4,
21,Goose Creek ,6/27/2023,7:32:00 AM,Secchi,3,
21,Goose Creek ,6/27/2023,7:32:00 AM,Secchi ,3.1,
149,Lake of the Ozarks (LOTO) ,6/27/2023,10:11:00 AM,Secchi,2.6,Time not written of field sheet. Time taken from YSI profile.
149,Lake of the Ozarks (LOTO) ,6/27/2023,10:11:00 AM,Secchi ,2.5,Time not written of field sheet. Time taken from YSI profile.
112,Shayne,6/27/2023,10:42:00 AM,Secchi,4.1,
112,Shayne,6/27/2023,10:42:00 AM,Secchi ,3.9,
30,Wappapello ,6/27/2023,5:35:00 PM,Secchi,0.4,
30,Wappapello ,6/27/2023,5:35:00 PM,Secchi ,0.4,
39,Council bluff,6/28/2023,12:46:00 PM,Secchi,1.1,
39,Council bluff,6/28/2023,12:46:00 PM,Secchi ,1,
33,Forche Creek Lake ,6/28/2023,7:57:00 AM,Secchi,4.1,
33,Forche Creek Lake ,6/28/2023,7:57:00 AM,Secchi ,3.9,
110,Little Prarie,6/28/2023,4:15:00 PM,Secchi,1.1,
110,Little Prarie,6/28/2023,4:15:00 PM,Secchi ,1,
32,Ripley,6/28/2023,9:04:00 AM,Secchi,1.7,
32,Ripley ,6/28/2023,9:04:00 AM,Secchi ,1.6,
440,Crow Pond,6/29/2023,11:30:00 AM,Secchi,1.2,
440,Crow Pond,6/29/2023,11:30:00 AM,Secchi ,1.1,
117,Little Dixie,6/29/2023,9:06:00 AM,Secchi,0.48,
117,Little Dixie ,6/29/2023,9:06:00 AM,Secchi ,0.42,
180,Bilby Ranch ,7/10/2023,4:26:00 PM,Secchi,0.57,
180,Bilby Ranch ,7/10/2023,4:26:00 PM,Secchi ,0.54,
140,Cameron 1,7/10/2023,12:15:00 PM,Secchi,0.54,
140,Cameron 1,7/10/2023,12:15:00 PM,Secchi ,0.47,
211,Cameron 2 Sunrise ,7/10/2023,11:27:00 AM,Secchi,1.35,
211,Cameron 2 Sunrise ,7/10/2023,11:27:00 AM,Secchi ,1.25,
213,Cameron 3,7/10/2023,1:00:00 PM,Secchi,0.54,
213,Cameron 3,7/10/2023,1:00:00 PM,Secchi ,0.45,
163,King ,7/10/2023,2:20:00 PM,Secchi,0.27,
163,King ,7/10/2023,2:20:00 PM,Secchi ,0.21,
133,Forest ,7/11/2023,4:31:00 PM,Secchi,1.12,
133,Forest ,7/11/2023,4:31:00 PM,Secchi ,1.01,
185,Harrison County ,7/11/2023,10:10:00 AM,Secchi,0.6,
185,Harrison County ,7/11/2023,10:10:00 AM,Secchi ,0.52,
228,Jamesport,7/11/2023,2:13:00 PM,Secchi,0.3,
228,Jamesport,7/11/2023,2:13:00 PM,Secchi ,0.24,
149,Lake of the Ozarks (LOTO) ,7/11/2023,10:00:00 AM,Secchi,2.7,
149,Lake of the Ozarks (LOTO) ,7/11/2023,10:00:00 AM,Secchi ,2.6,
85,Marie ,7/11/2023,11:55:00 AM,Secchi,3.8,
85,Marie ,7/11/2023,11:55:00 AM,Secchi ,3.68,
181,Mozingo ,7/11/2023,8:02:00 AM,Secchi,1.23,
181,Mozingo ,7/11/2023,8:02:00 AM,Secchi ,1.09,
179,Nodaway County ,7/11/2023,6:55:00 AM,Secchi,0.65,
179,Nodaway County ,7/11/2023,6:55:00 AM,Secchi ,0.59,
57,Deer Ridge,7/12/2023,10:23:00 AM,Secchi,1.4,
57,Deer Ridge,7/12/2023,10:23:00 AM,Secchi ,1.27,
182,Fox Valley,7/12/2023,8:30:00 AM,Secchi,3.56,
182,Fox Valley,7/12/2023,8:30:00 AM,Secchi ,3.37,
114,Henry Sever,7/12/2023,11:40:00 AM,Secchi,0.7,
114,Henry Sever,7/12/2023,11:40:00 AM,Secchi ,0.59,
115,Hunnewell,7/12/2023,2:18:00 PM,Secchi,1.63,
115,Hunnewell,7/12/2023,2:18:00 PM,Secchi ,1.5,
48,Long Branch ,7/12/2023,3:46:00 PM,Secchi,1.04,
48,Long Branch ,7/12/2023,3:46:00 PM,Secchi ,0.88,
49,Macon ,7/12/2023,4:45:00 PM,Secchi,0.64,
49,Macon ,7/12/2023,4:45:00 PM,Secchi ,0.53,
123,Shelbyville,7/12/2023,12:50:00 PM,Secchi,0.26,
123,Shelbyville,7/12/2023,12:50:00 PM,Secchi ,0.19,
72,Smithville,7/12/2023,10:30:00 AM,Secchi,1,
72,Smithville,7/12/2023,10:30:00 AM,Secchi ,1.1,
438,Bethel ,7/13/2023,9:30:00 AM,Secchi,0.69,
438,Bethel ,7/13/2023,9:30:00 AM,Secchi ,0.69,
411,Cedar Lake,7/13/2023,11:08:00 AM,Secchi,0.84,
411,Cedar Lake,7/13/2023,11:08:00 AM,Secchi ,0.81,
219,Dairy Lake,7/13/2023,2:10:00 PM,Secchi,0.33,
219,Dairy Lake,7/13/2023,2:10:00 PM,Secchi ,0.61,
96,Fellows,7/17/2023,3:25:00 PM,Secchi,2.88,
96,Fellows,7/17/2023,3:25:00 PM,Secchi ,2.76,
184,Manito,7/17/2023,10:07:00 AM,Secchi,1.32,
184,Manito,7/17/2023,10:07:00 AM,Secchi ,1.25,
145,Mark Twain ,7/17/2023,10:35:00 AM,Secchi,1.4,
145,Mark Twain ,7/17/2023,10:35:00 AM,Secchi ,1.3,
92,Pomme de Terre,7/17/2023,12:50:00 PM,Secchi,0.92,
92,Pomme de Terre,7/17/2023,12:50:00 PM,Secchi ,0.78,
93,Stockton,7/17/2023,5:17:00 PM,Secchi,2.15,
93,Stockton,7/17/2023,5:17:00 PM,Secchi ,1.91,
91,Atkinson,7/18/2023,11:16:48 AM,Secchi,0.38,
91,Atkinson,7/18/2023,11:16:48 AM,Secchi ,0.32,
169,Gopher,7/18/2023,2:13:00 PM,Secchi,0.4,
169,Gopher,7/18/2023,2:13:00 PM,Secchi ,0.32,
183,Hazel Hill,7/18/2023,3:45:00 PM,Secchi,0.5,
183,Hazel Hill,7/18/2023,3:45:00 PM,Secchi ,0.44,
165,Jackrabbit,7/18/2023,1:22:00 PM,Secchi,0.4,
165,Jackrabbit,7/18/2023,1:22:00 PM,Secchi ,0.32,
70,North,7/18/2023,10:06:00 AM,Secchi,0.45,
70,North,7/18/2023,10:06:00 AM,Secchi ,0.4,
120,Winnegago,7/18/2023,11:31:00 AM,Secchi,0.9,
120,Winnegago,7/18/2023,11:31:00 AM,Secchi ,0.8,
150,Blind Pony,7/19/2023,7:22:00 AM,Secchi,0.6,
150,Blind Pony,7/19/2023,7:22:00 AM,Secchi ,0.49,
87,Brookfield,7/19/2023,2:00:00 PM,Secchi,1.4,
87,Brookfield,7/19/2023,2:00:00 PM,Secchi ,1.26,
45,Nehai Tonkayea,7/19/2023,3:26:00 PM,Secchi,2.7,
45,Nehai Tonkayea,7/19/2023,3:26:00 PM,Secchi ,2.53,
98,Table Rock ,7/19/2023,12:00:00 PM,Secchi,3.2,
98,Table Rock ,7/19/2023,12:00:00 PM,Secchi ,3.1,
74,Watkins ,7/19/2023,10:39:00 AM,Secchi,0.8,
74,Watkins ,7/19/2023,10:39:00 AM,Secchi ,0.75,
455,West Arrowhead,7/19/2023,11:53:00 AM,Secchi,0.49,
455,West Arrowhead,7/19/2023,11:53:00 AM,Secchi ,0.4,
274,Alpine,7/20/2023,3:24:00 PM,Secchi,3.51,
274,Alpine,7/20/2023,3:24:00 PM,Secchi ,3.4,
276,Ashland ,7/20/2023,9:42:00 AM,Secchi,0.9,
276,Ashland ,7/20/2023,9:42:00 AM,Secchi ,0.87,
11,Peaceful Valley,7/20/2023,12:34:00 PM,Secchi,1.1,
11,Peaceful Valley ,7/20/2023,12:34:00 PM,Secchi ,1,
88,Marceline,7/21/2023,11:58:00 AM,Secchi,1.2,
88,Marceline,7/21/2023,11:58:00 AM,Secchi ,1,
44,Peter's Lake,7/21/2023,10:00:00 AM,Secchi,1,
44,Peter's Lake,7/21/2023,10:00:00 AM,Secchi ,0.65,
3,Bowling Green,7/24/2023,10:42:00 AM,Secchi,1.07,
3,Bowling Green,7/24/2023,10:42:00 AM,Secchi ,0.97,
454,Cedar Hill Lakes #1,7/24/2023,3:16:00 PM,Secchi,0.83,
454,Cedar Hill Lakes #1,7/24/2023,3:16:00 PM,Secchi ,0.75,
5,Lincoln ,7/24/2023,12:05:00 PM,Secchi,1.83,
5,Lincoln ,7/24/2023,12:05:00 PM,Secchi ,1.65,
197,Prarie ,7/24/2023,1:30:00 PM,Secchi,0.67,
197,Prarie ,7/24/2023,1:30:00 PM,Secchi ,0.56,
14,Tishomingo ,7/24/2023,4:18:00 PM,Secchi,2,
14,Tishomingo ,7/24/2023,4:18:00 PM,Secchi ,1.27,
18,Capri,7/25/2023,9:23:00 AM,Secchi,4.4,
18,Capri,7/25/2023,9:23:00 AM,Secchi ,4.24,
186,Carl DiSalvo ,7/25/2023,11:42:00 AM,Secchi,0.33,
186,Carl DiSalvo ,7/25/2023,11:42:00 AM,Secchi ,0.29,
36,Clearwater,7/25/2023,2:30:00 PM,Secchi,1.48,
36,Clearwater,7/25/2023,2:30:00 PM,Secchi ,1.39,
21,Goose Creek,7/25/2023,7:30:00 AM,Secchi,2.14,
21,Goose Creek,7/25/2023,7:30:00 AM,Secchi ,2,
112,Shayne,7/25/2023,10:23:00 AM,Secchi,3.01,
112,Shayne,7/25/2023,10:23:00 AM,Secchi ,2.81,
30,Wappapello,7/25/2023,4:54:00 PM,Secchi,0.3,
30,Wappapello,7/25/2023,4:54:00 PM,Secchi ,0.23,
39,Council Bluff,7/26/2023,1:07:00 PM,Secchi,3.31,Hard to tell secchi number with big waves
39,Council Bluff,7/26/2023,1:07:00 PM,Secchi ,3.09,
33,Fourche Lake,7/26/2023,8:08:00 AM,Secchi,4.74,
33,Fourche Lake,7/26/2023,8:08:00 AM,Secchi ,4.63,
110,Little Prarie,7/26/2023,4:30:00 PM,Secchi,1.18,
110,Little Prarie,7/26/2023,4:30:00 PM,Secchi ,1.05,
32,Ripley,7/26/2023,9:24:00 AM,Secchi,1.43,
32,Ripley,7/26/2023,9:24:00 AM,Secchi ,1.32,
411,Cedar Lake,7/27/2023,10:45:00 AM,Secchi,0.72,
411,Cedar Lake,7/27/2023,10:45:00 AM,Secchi ,0.52,
440,Crow Pond,7/27/2023,2:07:00 PM,Secchi,4.74,
440,Crow Pond,7/27/2023,2:07:00 PM,Secchi ,4.63,
117,Little Dixie,7/27/2023,12:15:00 PM,Secchi,0.57,
117,Little Dixie,7/27/2023,12:15:00 PM,Secchi ,0.32,
121,Higginsville ,7/28/2023,11:55:00 AM,Secchi,0.57,
121,Higginsville ,7/28/2023,11:55:00 AM,Secchi ,0.27,
165,Jackrabbit,7/28/2023,2:45:00 PM,Secchi,0.5,
165,Jackrabbit,7/28/2023,2:45:00 PM,Secchi ,0.25,
46,Thomas Hill,7/28/2023,10:10:00 AM,Secchi,1,
46,Thomas Hill,7/28/2023,10:10:00 AM,Secchi ,0.9,
180,Bilby Ranch,7/31/2023,3:50:00 PM,Secchi,0.57,
180,Bilby Ranch,7/31/2023,3:50:00 PM,Secchi ,0.49,
211,Cameron 2 Sunrise ,7/31/2023,11:20:00 AM,Secchi,1.13,
211,Cameron 2 Sunrise ,7/31/2023,11:20:00 AM,Secchi ,1.02,
211,FD Cameron 2 Sunrise ,7/31/2023,11:20:00 AM,Secchi ,1.02,
211,FD Cameron 2 Sunrise  ,7/31/2023,11:20:00 AM,Secchi,1.13,
179,Nodaway County ,7/31/2023,5:14:00 PM,Secchi,0.7,
179,Nodaway County ,7/31/2023,5:14:00 PM,Secchi ,0.59,
133,Forest ,8/1/2023,3:29:00 PM,Secchi,1.1,
133,Forest ,8/1/2023,3:29:00 PM,Secchi ,1.03,
185,Harrison County ,8/1/2023,9:14:00 AM,Secchi,0.53,
185,Harrison County ,8/1/2023,9:14:00 AM,Secchi ,0.47,
228,Jamesport,8/1/2023,1:09:00 PM,Secchi,0.22,
228,Jamesport,8/1/2023,1:09:00 PM,Secchi ,0.18,
149,Lake of the Ozarks,8/1/2023,3:00:00 PM,Secchi,2.9,
149,Lake of the Ozarks,8/1/2023,3:00:00 PM,Secchi ,2.8,
85,Marie,8/1/2023,11:10:00 AM,Secchi,3.4,
85,Marie ,8/1/2023,11:10:00 AM,Secchi ,3.26,
181,Mozingo ,8/1/2023,7:12:00 AM,Secchi,1.14,
181,Mozingo ,8/1/2023,7:12:00 AM,Secchi ,1.02,
89,Truman,8/1/2023,11:30:00 AM,Secchi,1.2,
89,Truman,8/1/2023,11:30:00 AM,Secchi ,1.1,
57,Deer Ridge ,8/2/2023,11:18:00 AM,Secchi,1.72,
57,Deer Ridge ,8/2/2023,11:18:00 AM,Secchi ,1.62,
182,Fox Valley,8/2/2023,9:17:00 AM,Secchi,2.69,
182,Fox Valley,8/2/2023,9:17:00 AM,Secchi ,2.51,
114,Henry Sever,8/2/2023,12:31:00 PM,Secchi,0.56,
114,Henry Sever,8/2/2023,12:31:00 PM,Secchi ,0.47,
115,Hunnewell,8/2/2023,2:33:00 PM,Secchi,0.92,
115,Hunnewell,8/2/2023,2:33:00 PM,Secchi ,0.81,
123,Shelby ville ,8/2/2023,1:37:00 PM,Secchi,0.25,
123,Shelby ville ,8/2/2023,1:37:00 PM,Secchi ,0.2,
93,Stockton,8/2/2023,1:00:00 PM,Secchi,3.1,
93,Stockton,8/2/2023,1:00:00 PM,Secchi ,2.4,
219,Dairy Lake ,8/3/2023,4:00:00 PM,Secchi,0.39,
219,Dairy Lake ,8/3/2023,4:00:00 PM,Secchi ,0.28,
48,Long Branch,8/3/2023,1:23:00 PM,Secchi,0.85,
48,Long Branch,8/3/2023,1:23:00 PM,Secchi ,0.75,
49,Macon,8/3/2023,10:22:00 AM,Secchi,0.54,
49,Macon ,8/3/2023,10:22:00 AM,Secchi ,0.4,
140,Cameron 1,8/7/2023,12:55:00 PM,Secchi,0.55,
140,Cameron 1,8/7/2023,12:55:00 PM,Secchi ,0.38,
213,Cameron 3,8/7/2023,11:50:00 AM,Secchi,0.35,
213,Cameron 3,8/7/2023,11:50:00 AM,Secchi ,0.26,
163,King,8/7/2023,2:38:00 PM,Secchi,0.15,
163,King,8/7/2023,2:38:00 PM,Secchi ,0.12,
96,Fellows ,8/8/2023,3:30:00 PM,Secchi,2,
96,Fellows ,8/8/2023,3:30:00 PM,Secchi ,1.88,
184,Manito ,8/8/2023,10:17:00 AM,Secchi,0.78,
184,Manito ,8/8/2023,10:17:00 AM,Secchi ,0.71,
92,Pomme de Terre ,8/8/2023,12:55:00 PM,Secchi,0.97,
92,Pomme de Terre ,8/8/2023,12:55:00 PM,Secchi ,0.86,
91,Atkinson,8/9/2023,9:19:00 AM,Secchi,0.39,
91,Atkinson,8/9/2023,9:19:00 AM,Secchi ,0.33,
169,Gopher,8/9/2023,2:55:00 PM,Secchi,0.34,
169,Gopher,8/9/2023,2:55:00 PM,Secchi ,0.29,
183,Hazel Hill ,8/9/2023,4:30:00 PM,Secchi,0.6,
183,Hazel Hill ,8/9/2023,4:30:00 PM,Secchi ,0.51,
165,Jackrabbit,8/9/2023,2:18:00 PM,Secchi,0.47,
165,Jackrabbit,8/9/2023,2:18:00 PM,Secchi ,0.42,
70,North,8/9/2023,11:23:00 AM,Secchi,0.41,
70,North,8/9/2023,11:23:00 AM,Secchi ,0.37,
120,Winnebago,8/9/2023,12:47:00 PM,Secchi,0.77,
120,Winnebago,8/9/2023,12:47:00 PM,Secchi ,0.7,
276,Ashland,8/10/2023,11:35:00 AM,Secchi,0.3,
276,Ashland,8/10/2023,11:35:00 AM,Secchi ,0.25,
438,Bethel ,8/10/2023,10:00:00 AM,Secchi,0.7,
438,Bethel ,8/10/2023,10:00:00 AM,Secchi ,0.6,
150,Blind Pony ,8/10/2023,8:05:00 AM,Secchi,0.5,
150,Blind Pony ,8/10/2023,8:05:00 AM,Secchi ,0.45,
87,Brookfield,8/10/2023,3:00:00 PM,Secchi,1.27,
87,Brookfield,8/10/2023,3:00:00 PM,Secchi ,1.14,
121,Higginsville ,8/10/2023,9:30:00 AM,Secchi,0.5,No thermocline 
121,Higginsville ,8/10/2023,9:30:00 AM,Secchi ,0.43,No thermocline 
45,Nehai Tonkayea ,8/10/2023,4:21:00 PM,Secchi,3.75,
45,Nehai Tonkayea ,8/10/2023,4:21:00 PM,Secchi ,3.67,
11,Peaceful Valley,8/10/2023,2:02:00 PM,Secchi,1.28,
11,Peaceful Valley,8/10/2023,2:02:00 PM,Secchi ,1.18,
74,Watkins Mill,8/10/2023,11:12:00 AM,Secchi,0.68,
74,Watkins Mill,8/10/2023,11:12:00 AM,Secchi ,0.62,
455,West Arrowhead,8/10/2023,12:22:00 PM,Secchi,0.59,
455,West Arrowhead,8/10/2023,12:22:00 PM,Secchi ,0.52,
3,Bowling Green,8/14/2023,10:43:00 AM,Secchi ,2.08,
3,Bowling Green,8/14/2023,10:43:00 AM,Secchi ,1.97,
5,Lincoln,8/14/2023,12:11:00 PM,Secchi ,1.63,
5,Lincoln,8/14/2023,12:11:00 PM,Secchi ,1.5,
197,Prarie ,8/14/2023,1:38:00 PM,Secchi ,0.39,
197,Prarie ,8/14/2023,1:38:00 PM,Secchi ,0.32,
454,Cedar Hill #1,8/14/2023,3:33:00 PM,Secchi ,0.5,
454,Cedar Hill #1,8/14/2023,3:33:00 PM,Secchi ,0.43,
14,Tishomingo ,8/14/2023,4:32:00 PM,Secchi ,2.13,
14,Tishomingo ,8/14/2023,4:32:00 PM,Secchi ,1.97,
98,Table Rock ,8/14/2023,12:00:00 PM,Secchi ,2.1,
98,Table Rock ,8/14/2023,12:00:00 PM,Secchi ,2,
89,Truman ,8/14/2023,4:13:00 PM,Secchi ,1.2,
89,Truman ,8/14/2023,4:13:00 PM,Secchi ,1,
186,Carl DiSalvo,8/15/2023,12:01:00 PM,Secchi ,0.37,
186,Carl DiSalvo,8/15/2023,12:01:00 PM,Secchi ,0.31,
21,Goose Creek ,8/15/2023,7:54:00 AM,Secchi ,2,
21,Goose Creek ,8/15/2023,7:54:00 AM,Secchi ,1.87,
18,Capri ,8/15/2023,9:43:00 AM,Secchi ,3.9,
18,Capri ,8/15/2023,9:43:00 AM,Secchi ,3.72,
112,Shayne ,8/15/2023,10:35:00 AM,Secchi ,2.2,
112,Shayne ,8/15/2023,10:35:00 AM,Secchi ,2.09,
36,Clearwater ,8/15/2023,2:54:00 PM,Secchi ,1.16,
36,Clearwater ,8/15/2023,2:54:00 PM,Secchi ,1.08,
30,Wappapello ,8/15/2023,5:17:00 PM,Secchi ,0.51,Lake appeared to be mixed or isothermal. 
30,Wappapello ,8/15/2023,5:17:00 PM,Secchi ,0.42,Lake appeared to be mixed or isothermal. 
44,Peters,8/15/2023,9:45:00 AM,Secchi ,0.7,
44,Peters,8/15/2023,9:45:00 AM,Secchi ,0.6,
88,Marceline,8/15/2023,1:00:00 PM,Secchi ,0.9,
88,Marceline,8/15/2023,1:00:00 PM,Secchi ,0.8,
33,Fourche Creek,8/16/2023,8:43:00 AM,Secchi ,3.55,
33,Fourche Creek,8/16/2023,8:43:00 AM,Secchi ,3.26,
32,Ripley ,8/16/2023,10:01:00 AM,Secchi ,1.36,
32,Ripley ,8/16/2023,10:01:00 AM,Secchi ,1.23,
39,Council Bluff,8/16/2023,1:54:00 PM,Secchi ,4.16,
39,Council Bluff,8/16/2023,1:54:00 PM,Secchi ,4.07,
110,Little Prarie ,8/16/2023,5:00:00 PM,Secchi ,1.1,
110,Little Prarie ,8/16/2023,5:00:00 PM,Secchi ,1.02,
145,Mark Twain ,8/16/2023,10:30:00 AM,Secchi ,1.7,
145,Mark Twain ,8/16/2023,10:30:00 AM,Secchi ,1.6,
411,Cedar ,8/17/2023,8:50:00 AM,Secchi ,0.6,
411,Cedar ,8/17/2023,8:50:00 AM,Secchi ,0.47,
274,Alpine ,8/17/2023,12:45:00 PM,Secchi ,3.7,
274,Alpine ,8/17/2023,12:45:00 PM,Secchi ,3.45,
72,Smithville,8/25/2023,12:55:00 PM,Secchi ,0.6,
72,Smithville,8/25/2023,12:55:00 PM,Secchi ,0.5,
121,Higginsville,8/25/2023,10:07:00 AM,Secchi ,0.6,
121,Higginsville,8/25/2023,10:07:00 AM,Secchi ,0.4,
46,Thomas Hill ,8/31/2023,1:15:00 PM,Secchi ,0.8,
46,Thomas Hill ,8/31/2023,1:15:00 PM,Secchi ,0.7,
30,Wappapello,9/22/2023,11:45:00 AM,Secchi ,0.62,
30,Wappapello,9/22/2023,11:45:00 AM,Secchi ,0.56,
